G:\How_to_simulate_a_self_driving_car-master\data\IMG\center_2017_06_24_16_12_58_031.jpg,G:\How_to_simulate_a_self_driving_car-master\data\IMG\left_2017_06_24_16_12_58_031.jpg,G:\How_to_simulate_a_self_driving_car-master\data\IMG\right_2017_06_24_16_12_58_031.jpg,0,0,0,4.462403E-06
G:\How_to_simulate_a_self_driving_car-master\data\IMG\center_2017_06_24_16_12_58_105.jpg,G:\How_to_simulate_a_self_driving_car-master\data\IMG\left_2017_06_24_16_12_58_105.jpg,G:\How_to_simulate_a_self_driving_car-master\data\IMG\right_2017_06_24_16_12_58_105.jpg,0,0,0,1.10093E-05
G:\How_to_simulate_a_self_driving_car-master\data\IMG\center_2017_06_24_16_12_58_181.jpg,G:\How_to_simulate_a_self_driving_car-master\data\IMG\left_2017_06_24_16_12_58_181.jpg,G:\How_to_simulate_a_self_driving_car-master\data\IMG\right_2017_06_24_16_12_58_181.jpg,0,0,0,3.765859E-06
G:\How_to_simulate_a_self_driving_car-master\data\IMG\center_2017_06_24_16_12_58_254.jpg,G:\How_to_simulate_a_self_driving_car-master\data\IMG\left_2017_06_24_16_12_58_254.jpg,G:\How_to_simulate_a_self_driving_car-master\data\IMG\right_2017_06_24_16_12_58_254.jpg,0,0,0,8.659916E-06
G:\How_to_simulate_a_self_driving_car-master\data\IMG\center_2017_06_24_16_12_58_326.jpg,G:\How_to_simulate_a_self_driving_car-master\data\IMG\left_2017_06_24_16_12_58_326.jpg,G:\How_to_simulate_a_self_driving_car-master\data\IMG\right_2017_06_24_16_12_58_326.jpg,0,0,0,4.760791E-06
G:\How_to_simulate_a_self_driving_car-master\data\IMG\center_2017_06_24_16_12_58_400.jpg,G:\How_to_simulate_a_self_driving_car-master\data\IMG\left_2017_06_24_16_12_58_400.jpg,G:\How_to_simulate_a_self_driving_car-master\data\IMG\right_2017_06_24_16_12_58_400.jpg,0,0,0,2.493116E-06
G:\How_to_simulate_a_self_driving_car-master\data\IMG\center_2017_06_24_16_12_58_474.jpg,G:\How_to_simulate_a_self_driving_car-master\data\IMG\left_2017_06_24_16_12_58_474.jpg,G:\How_to_simulate_a_self_driving_car-master\data\IMG\right_2017_06_24_16_12_58_474.jpg,0,0.08399194,0,0.04596782
G:\How_to_simulate_a_self_driving_car-master\data\IMG\center_2017_06_24_16_12_58_548.jpg,G:\How_to_simulate_a_self_driving_car-master\data\IMG\left_2017_06_24_16_12_58_548.jpg,G:\How_to_simulate_a_self_driving_car-master\data\IMG\right_2017_06_24_16_12_58_548.jpg,0,0.3076875,0,0.2408661
G:\How_to_simulate_a_self_driving_car-master\data\IMG\center_2017_06_24_16_12_58_615.jpg,G:\How_to_simulate_a_self_driving_car-master\data\IMG\left_2017_06_24_16_12_58_615.jpg,G:\How_to_simulate_a_self_driving_car-master\data\IMG\right_2017_06_24_16_12_58_615.jpg,0,0.5088974,0,0.5555332
G:\How_to_simulate_a_self_driving_car-master\data\IMG\center_2017_06_24_16_12_58_682.jpg,G:\How_to_simulate_a_self_driving_car-master\data\IMG\left_2017_06_24_16_12_58_682.jpg,G:\How_to_simulate_a_self_driving_car-master\data\IMG\right_2017_06_24_16_12_58_682.jpg,0,0.6903722,0,0.9755229
G:\How_to_simulate_a_self_driving_car-master\data\IMG\center_2017_06_24_16_12_58_756.jpg,G:\How_to_simulate_a_self_driving_car-master\data\IMG\left_2017_06_24_16_12_58_756.jpg,G:\How_to_simulate_a_self_driving_car-master\data\IMG\right_2017_06_24_16_12_58_756.jpg,0,0.9322937,0,1.733031
G:\How_to_simulate_a_self_driving_car-master\data\IMG\center_2017_06_24_16_12_58_830.jpg,G:\How_to_simulate_a_self_driving_car-master\data\IMG\left_2017_06_24_16_12_58_830.jpg,G:\How_to_simulate_a_self_driving_car-master\data\IMG\right_2017_06_24_16_12_58_830.jpg,-0.2,1,0,2.679103
G:\How_to_simulate_a_self_driving_car-master\data\IMG\center_2017_06_24_16_12_58_901.jpg,G:\How_to_simulate_a_self_driving_car-master\data\IMG\left_2017_06_24_16_12_58_901.jpg,G:\How_to_simulate_a_self_driving_car-master\data\IMG\right_2017_06_24_16_12_58_901.jpg,-0.35,1,0,3.378552
G:\How_to_simulate_a_self_driving_car-master\data\IMG\center_2017_06_24_16_12_58_976.jpg,G:\How_to_simulate_a_self_driving_car-master\data\IMG\left_2017_06_24_16_12_58_976.jpg,G:\How_to_simulate_a_self_driving_car-master\data\IMG\right_2017_06_24_16_12_58_976.jpg,0,1,0,4.310801
G:\How_to_simulate_a_self_driving_car-master\data\IMG\center_2017_06_24_16_12_59_043.jpg,G:\How_to_simulate_a_self_driving_car-master\data\IMG\left_2017_06_24_16_12_59_043.jpg,G:\How_to_simulate_a_self_driving_car-master\data\IMG\right_2017_06_24_16_12_59_043.jpg,0,1,0,5.009638
G:\How_to_simulate_a_self_driving_car-master\data\IMG\center_2017_06_24_16_12_59_112.jpg,G:\How_to_simulate_a_self_driving_car-master\data\IMG\left_2017_06_24_16_12_59_112.jpg,G:\How_to_simulate_a_self_driving_car-master\data\IMG\right_2017_06_24_16_12_59_112.jpg,0,1,0,5.93529
G:\How_to_simulate_a_self_driving_car-master\data\IMG\center_2017_06_24_16_12_59_187.jpg,G:\How_to_simulate_a_self_driving_car-master\data\IMG\left_2017_06_24_16_12_59_187.jpg,G:\How_to_simulate_a_self_driving_car-master\data\IMG\right_2017_06_24_16_12_59_187.jpg,-0.05,1,0,6.853329
G:\How_to_simulate_a_self_driving_car-master\data\IMG\center_2017_06_24_16_12_59_261.jpg,G:\How_to_simulate_a_self_driving_car-master\data\IMG\left_2017_06_24_16_12_59_261.jpg,G:\How_to_simulate_a_self_driving_car-master\data\IMG\right_2017_06_24_16_12_59_261.jpg,-0.2,1,0,7.529038
G:\How_to_simulate_a_self_driving_car-master\data\IMG\center_2017_06_24_16_12_59_336.jpg,G:\How_to_simulate_a_self_driving_car-master\data\IMG\left_2017_06_24_16_12_59_336.jpg,G:\How_to_simulate_a_self_driving_car-master\data\IMG\right_2017_06_24_16_12_59_336.jpg,-0.4,1,0,8.403628
G:\How_to_simulate_a_self_driving_car-master\data\IMG\center_2017_06_24_16_12_59_403.jpg,G:\How_to_simulate_a_self_driving_car-master\data\IMG\left_2017_06_24_16_12_59_403.jpg,G:\How_to_simulate_a_self_driving_car-master\data\IMG\right_2017_06_24_16_12_59_403.jpg,-0.5500001,1,0,9.03816
G:\How_to_simulate_a_self_driving_car-master\data\IMG\center_2017_06_24_16_12_59_474.jpg,G:\How_to_simulate_a_self_driving_car-master\data\IMG\left_2017_06_24_16_12_59_474.jpg,G:\How_to_simulate_a_self_driving_car-master\data\IMG\right_2017_06_24_16_12_59_474.jpg,-0.7500002,1,0,9.851268
G:\How_to_simulate_a_self_driving_car-master\data\IMG\center_2017_06_24_16_12_59_547.jpg,G:\How_to_simulate_a_self_driving_car-master\data\IMG\left_2017_06_24_16_12_59_547.jpg,G:\How_to_simulate_a_self_driving_car-master\data\IMG\right_2017_06_24_16_12_59_547.jpg,0,1,0,10.65632
G:\How_to_simulate_a_self_driving_car-master\data\IMG\center_2017_06_24_16_12_59_615.jpg,G:\How_to_simulate_a_self_driving_car-master\data\IMG\left_2017_06_24_16_12_59_615.jpg,G:\How_to_simulate_a_self_driving_car-master\data\IMG\right_2017_06_24_16_12_59_615.jpg,0,1,0,11.30962
G:\How_to_simulate_a_self_driving_car-master\data\IMG\center_2017_06_24_16_12_59_689.jpg,G:\How_to_simulate_a_self_driving_car-master\data\IMG\left_2017_06_24_16_12_59_689.jpg,G:\How_to_simulate_a_self_driving_car-master\data\IMG\right_2017_06_24_16_12_59_689.jpg,-0.05,1,0,11.93593
G:\How_to_simulate_a_self_driving_car-master\data\IMG\center_2017_06_24_16_12_59_759.jpg,G:\How_to_simulate_a_self_driving_car-master\data\IMG\left_2017_06_24_16_12_59_759.jpg,G:\How_to_simulate_a_self_driving_car-master\data\IMG\right_2017_06_24_16_12_59_759.jpg,-0.2,1,0,12.80231
G:\How_to_simulate_a_self_driving_car-master\data\IMG\center_2017_06_24_16_12_59_833.jpg,G:\How_to_simulate_a_self_driving_car-master\data\IMG\left_2017_06_24_16_12_59_833.jpg,G:\How_to_simulate_a_self_driving_car-master\data\IMG\right_2017_06_24_16_12_59_833.jpg,0,1,0,13.61294
G:\How_to_simulate_a_self_driving_car-master\data\IMG\center_2017_06_24_16_12_59_910.jpg,G:\How_to_simulate_a_self_driving_car-master\data\IMG\left_2017_06_24_16_12_59_910.jpg,G:\How_to_simulate_a_self_driving_car-master\data\IMG\right_2017_06_24_16_12_59_910.jpg,0,1,0,14.54167
G:\How_to_simulate_a_self_driving_car-master\data\IMG\center_2017_06_24_16_12_59_982.jpg,G:\How_to_simulate_a_self_driving_car-master\data\IMG\left_2017_06_24_16_12_59_982.jpg,G:\How_to_simulate_a_self_driving_car-master\data\IMG\right_2017_06_24_16_12_59_982.jpg,0,1,0,15.19055
G:\How_to_simulate_a_self_driving_car-master\data\IMG\center_2017_06_24_16_13_00_057.jpg,G:\How_to_simulate_a_self_driving_car-master\data\IMG\left_2017_06_24_16_13_00_057.jpg,G:\How_to_simulate_a_self_driving_car-master\data\IMG\right_2017_06_24_16_13_00_057.jpg,-0.2,1,0,16.05448
G:\How_to_simulate_a_self_driving_car-master\data\IMG\center_2017_06_24_16_13_00_131.jpg,G:\How_to_simulate_a_self_driving_car-master\data\IMG\left_2017_06_24_16_13_00_131.jpg,G:\How_to_simulate_a_self_driving_car-master\data\IMG\right_2017_06_24_16_13_00_131.jpg,-0.4,1,0,16.84435
G:\How_to_simulate_a_self_driving_car-master\data\IMG\center_2017_06_24_16_13_00_199.jpg,G:\How_to_simulate_a_self_driving_car-master\data\IMG\left_2017_06_24_16_13_00_199.jpg,G:\How_to_simulate_a_self_driving_car-master\data\IMG\right_2017_06_24_16_13_00_199.jpg,-0.5500001,1,0,17.25804
G:\How_to_simulate_a_self_driving_car-master\data\IMG\center_2017_06_24_16_13_00_273.jpg,G:\How_to_simulate_a_self_driving_car-master\data\IMG\left_2017_06_24_16_13_00_273.jpg,G:\How_to_simulate_a_self_driving_car-master\data\IMG\right_2017_06_24_16_13_00_273.jpg,-0.7500002,1,0,17.93927
G:\How_to_simulate_a_self_driving_car-master\data\IMG\center_2017_06_24_16_13_00_349.jpg,G:\How_to_simulate_a_self_driving_car-master\data\IMG\left_2017_06_24_16_13_00_349.jpg,G:\How_to_simulate_a_self_driving_car-master\data\IMG\right_2017_06_24_16_13_00_349.jpg,0,1,0,18.60518
G:\How_to_simulate_a_self_driving_car-master\data\IMG\center_2017_06_24_16_13_00_416.jpg,G:\How_to_simulate_a_self_driving_car-master\data\IMG\left_2017_06_24_16_13_00_416.jpg,G:\How_to_simulate_a_self_driving_car-master\data\IMG\right_2017_06_24_16_13_00_416.jpg,0,1,0,19.19327
G:\How_to_simulate_a_self_driving_car-master\data\IMG\center_2017_06_24_16_13_00_484.jpg,G:\How_to_simulate_a_self_driving_car-master\data\IMG\left_2017_06_24_16_13_00_484.jpg,G:\How_to_simulate_a_self_driving_car-master\data\IMG\right_2017_06_24_16_13_00_484.jpg,0,1,0,19.7296
G:\How_to_simulate_a_self_driving_car-master\data\IMG\center_2017_06_24_16_13_00_555.jpg,G:\How_to_simulate_a_self_driving_car-master\data\IMG\left_2017_06_24_16_13_00_555.jpg,G:\How_to_simulate_a_self_driving_car-master\data\IMG\right_2017_06_24_16_13_00_555.jpg,0,1,0,20.52169
G:\How_to_simulate_a_self_driving_car-master\data\IMG\center_2017_06_24_16_13_00_623.jpg,G:\How_to_simulate_a_self_driving_car-master\data\IMG\left_2017_06_24_16_13_00_623.jpg,G:\How_to_simulate_a_self_driving_car-master\data\IMG\right_2017_06_24_16_13_00_623.jpg,0,1,0,21.17522
G:\How_to_simulate_a_self_driving_car-master\data\IMG\center_2017_06_24_16_13_00_706.jpg,G:\How_to_simulate_a_self_driving_car-master\data\IMG\left_2017_06_24_16_13_00_706.jpg,G:\How_to_simulate_a_self_driving_car-master\data\IMG\right_2017_06_24_16_13_00_706.jpg,-0.05,1,0,21.96481
G:\How_to_simulate_a_self_driving_car-master\data\IMG\center_2017_06_24_16_13_00_779.jpg,G:\How_to_simulate_a_self_driving_car-master\data\IMG\left_2017_06_24_16_13_00_779.jpg,G:\How_to_simulate_a_self_driving_car-master\data\IMG\right_2017_06_24_16_13_00_779.jpg,-0.25,1,0,22.72318
G:\How_to_simulate_a_self_driving_car-master\data\IMG\center_2017_06_24_16_13_00_849.jpg,G:\How_to_simulate_a_self_driving_car-master\data\IMG\left_2017_06_24_16_13_00_849.jpg,G:\How_to_simulate_a_self_driving_car-master\data\IMG\right_2017_06_24_16_13_00_849.jpg,-0.45,1,0,23.41096
G:\How_to_simulate_a_self_driving_car-master\data\IMG\center_2017_06_24_16_13_00_920.jpg,G:\How_to_simulate_a_self_driving_car-master\data\IMG\left_2017_06_24_16_13_00_920.jpg,G:\How_to_simulate_a_self_driving_car-master\data\IMG\right_2017_06_24_16_13_00_920.jpg,-0.6000001,1,0,23.87107
G:\How_to_simulate_a_self_driving_car-master\data\IMG\center_2017_06_24_16_13_00_987.jpg,G:\How_to_simulate_a_self_driving_car-master\data\IMG\left_2017_06_24_16_13_00_987.jpg,G:\How_to_simulate_a_self_driving_car-master\data\IMG\right_2017_06_24_16_13_00_987.jpg,0,1,0,24.50474
G:\How_to_simulate_a_self_driving_car-master\data\IMG\center_2017_06_24_16_13_01_060.jpg,G:\How_to_simulate_a_self_driving_car-master\data\IMG\left_2017_06_24_16_13_01_060.jpg,G:\How_to_simulate_a_self_driving_car-master\data\IMG\right_2017_06_24_16_13_01_060.jpg,0,1,0,25.05307
G:\How_to_simulate_a_self_driving_car-master\data\IMG\center_2017_06_24_16_13_01_129.jpg,G:\How_to_simulate_a_self_driving_car-master\data\IMG\left_2017_06_24_16_13_01_129.jpg,G:\How_to_simulate_a_self_driving_car-master\data\IMG\right_2017_06_24_16_13_01_129.jpg,0,1,0,25.80913
G:\How_to_simulate_a_self_driving_car-master\data\IMG\center_2017_06_24_16_13_01_201.jpg,G:\How_to_simulate_a_self_driving_car-master\data\IMG\left_2017_06_24_16_13_01_201.jpg,G:\How_to_simulate_a_self_driving_car-master\data\IMG\right_2017_06_24_16_13_01_201.jpg,0,1,0,26.37799
G:\How_to_simulate_a_self_driving_car-master\data\IMG\center_2017_06_24_16_13_01_274.jpg,G:\How_to_simulate_a_self_driving_car-master\data\IMG\left_2017_06_24_16_13_01_274.jpg,G:\How_to_simulate_a_self_driving_car-master\data\IMG\right_2017_06_24_16_13_01_274.jpg,0,1,0,27.13273
G:\How_to_simulate_a_self_driving_car-master\data\IMG\center_2017_06_24_16_13_01_341.jpg,G:\How_to_simulate_a_self_driving_car-master\data\IMG\left_2017_06_24_16_13_01_341.jpg,G:\How_to_simulate_a_self_driving_car-master\data\IMG\right_2017_06_24_16_13_01_341.jpg,0,1,0,27.69501
G:\How_to_simulate_a_self_driving_car-master\data\IMG\center_2017_06_24_16_13_01_414.jpg,G:\How_to_simulate_a_self_driving_car-master\data\IMG\left_2017_06_24_16_13_01_414.jpg,G:\How_to_simulate_a_self_driving_car-master\data\IMG\right_2017_06_24_16_13_01_414.jpg,0,1,0,28.43958
G:\How_to_simulate_a_self_driving_car-master\data\IMG\center_2017_06_24_16_13_01_489.jpg,G:\How_to_simulate_a_self_driving_car-master\data\IMG\left_2017_06_24_16_13_01_489.jpg,G:\How_to_simulate_a_self_driving_car-master\data\IMG\right_2017_06_24_16_13_01_489.jpg,0,1,0,29.17815
G:\How_to_simulate_a_self_driving_car-master\data\IMG\center_2017_06_24_16_13_01_558.jpg,G:\How_to_simulate_a_self_driving_car-master\data\IMG\left_2017_06_24_16_13_01_558.jpg,G:\How_to_simulate_a_self_driving_car-master\data\IMG\right_2017_06_24_16_13_01_558.jpg,-0.05,1,0,29.7278
G:\How_to_simulate_a_self_driving_car-master\data\IMG\center_2017_06_24_16_13_01_634.jpg,G:\How_to_simulate_a_self_driving_car-master\data\IMG\left_2017_06_24_16_13_01_634.jpg,G:\How_to_simulate_a_self_driving_car-master\data\IMG\right_2017_06_24_16_13_01_634.jpg,-0.25,1,0,30.1757
G:\How_to_simulate_a_self_driving_car-master\data\IMG\center_2017_06_24_16_13_01_705.jpg,G:\How_to_simulate_a_self_driving_car-master\data\IMG\left_2017_06_24_16_13_01_705.jpg,G:\How_to_simulate_a_self_driving_car-master\data\IMG\right_2017_06_24_16_13_01_705.jpg,-0.4,1,0,30.15755
G:\How_to_simulate_a_self_driving_car-master\data\IMG\center_2017_06_24_16_13_01_775.jpg,G:\How_to_simulate_a_self_driving_car-master\data\IMG\left_2017_06_24_16_13_01_775.jpg,G:\How_to_simulate_a_self_driving_car-master\data\IMG\right_2017_06_24_16_13_01_775.jpg,-0.6000001,1,0,30.13286
G:\How_to_simulate_a_self_driving_car-master\data\IMG\center_2017_06_24_16_13_01_842.jpg,G:\How_to_simulate_a_self_driving_car-master\data\IMG\left_2017_06_24_16_13_01_842.jpg,G:\How_to_simulate_a_self_driving_car-master\data\IMG\right_2017_06_24_16_13_01_842.jpg,0,1,0,30.17764
G:\How_to_simulate_a_self_driving_car-master\data\IMG\center_2017_06_24_16_13_01_916.jpg,G:\How_to_simulate_a_self_driving_car-master\data\IMG\left_2017_06_24_16_13_01_916.jpg,G:\How_to_simulate_a_self_driving_car-master\data\IMG\right_2017_06_24_16_13_01_916.jpg,0,1,0,30.18744
G:\How_to_simulate_a_self_driving_car-master\data\IMG\center_2017_06_24_16_13_01_988.jpg,G:\How_to_simulate_a_self_driving_car-master\data\IMG\left_2017_06_24_16_13_01_988.jpg,G:\How_to_simulate_a_self_driving_car-master\data\IMG\right_2017_06_24_16_13_01_988.jpg,0,1,0,30.18978
G:\How_to_simulate_a_self_driving_car-master\data\IMG\center_2017_06_24_16_13_02_061.jpg,G:\How_to_simulate_a_self_driving_car-master\data\IMG\left_2017_06_24_16_13_02_061.jpg,G:\How_to_simulate_a_self_driving_car-master\data\IMG\right_2017_06_24_16_13_02_061.jpg,0,1,0,30.19077
G:\How_to_simulate_a_self_driving_car-master\data\IMG\center_2017_06_24_16_13_02_134.jpg,G:\How_to_simulate_a_self_driving_car-master\data\IMG\left_2017_06_24_16_13_02_134.jpg,G:\How_to_simulate_a_self_driving_car-master\data\IMG\right_2017_06_24_16_13_02_134.jpg,0,1,0,30.19
G:\How_to_simulate_a_self_driving_car-master\data\IMG\center_2017_06_24_16_13_02_206.jpg,G:\How_to_simulate_a_self_driving_car-master\data\IMG\left_2017_06_24_16_13_02_206.jpg,G:\How_to_simulate_a_self_driving_car-master\data\IMG\right_2017_06_24_16_13_02_206.jpg,0,1,0,30.19006
G:\How_to_simulate_a_self_driving_car-master\data\IMG\center_2017_06_24_16_13_02_279.jpg,G:\How_to_simulate_a_self_driving_car-master\data\IMG\left_2017_06_24_16_13_02_279.jpg,G:\How_to_simulate_a_self_driving_car-master\data\IMG\right_2017_06_24_16_13_02_279.jpg,0,1,0,30.19033
G:\How_to_simulate_a_self_driving_car-master\data\IMG\center_2017_06_24_16_13_02_354.jpg,G:\How_to_simulate_a_self_driving_car-master\data\IMG\left_2017_06_24_16_13_02_354.jpg,G:\How_to_simulate_a_self_driving_car-master\data\IMG\right_2017_06_24_16_13_02_354.jpg,0,1,0,30.19032
G:\How_to_simulate_a_self_driving_car-master\data\IMG\center_2017_06_24_16_13_02_420.jpg,G:\How_to_simulate_a_self_driving_car-master\data\IMG\left_2017_06_24_16_13_02_420.jpg,G:\How_to_simulate_a_self_driving_car-master\data\IMG\right_2017_06_24_16_13_02_420.jpg,-0.15,1,0,30.184
G:\How_to_simulate_a_self_driving_car-master\data\IMG\center_2017_06_24_16_13_02_491.jpg,G:\How_to_simulate_a_self_driving_car-master\data\IMG\left_2017_06_24_16_13_02_491.jpg,G:\How_to_simulate_a_self_driving_car-master\data\IMG\right_2017_06_24_16_13_02_491.jpg,-0.35,1,0,30.16343
G:\How_to_simulate_a_self_driving_car-master\data\IMG\center_2017_06_24_16_13_02_563.jpg,G:\How_to_simulate_a_self_driving_car-master\data\IMG\left_2017_06_24_16_13_02_563.jpg,G:\How_to_simulate_a_self_driving_car-master\data\IMG\right_2017_06_24_16_13_02_563.jpg,0,1,0,30.18871
G:\How_to_simulate_a_self_driving_car-master\data\IMG\center_2017_06_24_16_13_02_637.jpg,G:\How_to_simulate_a_self_driving_car-master\data\IMG\left_2017_06_24_16_13_02_637.jpg,G:\How_to_simulate_a_self_driving_car-master\data\IMG\right_2017_06_24_16_13_02_637.jpg,0,1,0,30.18997
G:\How_to_simulate_a_self_driving_car-master\data\IMG\center_2017_06_24_16_13_02_709.jpg,G:\How_to_simulate_a_self_driving_car-master\data\IMG\left_2017_06_24_16_13_02_709.jpg,G:\How_to_simulate_a_self_driving_car-master\data\IMG\right_2017_06_24_16_13_02_709.jpg,0,1,0,30.19013
G:\How_to_simulate_a_self_driving_car-master\data\IMG\center_2017_06_24_16_13_02_779.jpg,G:\How_to_simulate_a_self_driving_car-master\data\IMG\left_2017_06_24_16_13_02_779.jpg,G:\How_to_simulate_a_self_driving_car-master\data\IMG\right_2017_06_24_16_13_02_779.jpg,0,1,0,30.1902
G:\How_to_simulate_a_self_driving_car-master\data\IMG\center_2017_06_24_16_13_02_847.jpg,G:\How_to_simulate_a_self_driving_car-master\data\IMG\left_2017_06_24_16_13_02_847.jpg,G:\How_to_simulate_a_self_driving_car-master\data\IMG\right_2017_06_24_16_13_02_847.jpg,0,1,0,30.19018
G:\How_to_simulate_a_self_driving_car-master\data\IMG\center_2017_06_24_16_13_02_917.jpg,G:\How_to_simulate_a_self_driving_car-master\data\IMG\left_2017_06_24_16_13_02_917.jpg,G:\How_to_simulate_a_self_driving_car-master\data\IMG\right_2017_06_24_16_13_02_917.jpg,0,1,0,30.19021
G:\How_to_simulate_a_self_driving_car-master\data\IMG\center_2017_06_24_16_13_02_989.jpg,G:\How_to_simulate_a_self_driving_car-master\data\IMG\left_2017_06_24_16_13_02_989.jpg,G:\How_to_simulate_a_self_driving_car-master\data\IMG\right_2017_06_24_16_13_02_989.jpg,-0.05,1,0,30.18874
G:\How_to_simulate_a_self_driving_car-master\data\IMG\center_2017_06_24_16_13_03_060.jpg,G:\How_to_simulate_a_self_driving_car-master\data\IMG\left_2017_06_24_16_13_03_060.jpg,G:\How_to_simulate_a_self_driving_car-master\data\IMG\right_2017_06_24_16_13_03_060.jpg,-0.2,1,0,30.18004
G:\How_to_simulate_a_self_driving_car-master\data\IMG\center_2017_06_24_16_13_03_132.jpg,G:\How_to_simulate_a_self_driving_car-master\data\IMG\left_2017_06_24_16_13_03_132.jpg,G:\How_to_simulate_a_self_driving_car-master\data\IMG\right_2017_06_24_16_13_03_132.jpg,-0.4,1,0,30.15709
G:\How_to_simulate_a_self_driving_car-master\data\IMG\center_2017_06_24_16_13_03_209.jpg,G:\How_to_simulate_a_self_driving_car-master\data\IMG\left_2017_06_24_16_13_03_209.jpg,G:\How_to_simulate_a_self_driving_car-master\data\IMG\right_2017_06_24_16_13_03_209.jpg,-0.6000001,1,0,30.13101
G:\How_to_simulate_a_self_driving_car-master\data\IMG\center_2017_06_24_16_13_03_282.jpg,G:\How_to_simulate_a_self_driving_car-master\data\IMG\left_2017_06_24_16_13_03_282.jpg,G:\How_to_simulate_a_self_driving_car-master\data\IMG\right_2017_06_24_16_13_03_282.jpg,0,1,0,30.18334
G:\How_to_simulate_a_self_driving_car-master\data\IMG\center_2017_06_24_16_13_03_352.jpg,G:\How_to_simulate_a_self_driving_car-master\data\IMG\left_2017_06_24_16_13_03_352.jpg,G:\How_to_simulate_a_self_driving_car-master\data\IMG\right_2017_06_24_16_13_03_352.jpg,0,1,0,30.18893
G:\How_to_simulate_a_self_driving_car-master\data\IMG\center_2017_06_24_16_13_03_425.jpg,G:\How_to_simulate_a_self_driving_car-master\data\IMG\left_2017_06_24_16_13_03_425.jpg,G:\How_to_simulate_a_self_driving_car-master\data\IMG\right_2017_06_24_16_13_03_425.jpg,0,1,0,30.18975
G:\How_to_simulate_a_self_driving_car-master\data\IMG\center_2017_06_24_16_13_03_499.jpg,G:\How_to_simulate_a_self_driving_car-master\data\IMG\left_2017_06_24_16_13_03_499.jpg,G:\How_to_simulate_a_self_driving_car-master\data\IMG\right_2017_06_24_16_13_03_499.jpg,0,1,0,30.19004
G:\How_to_simulate_a_self_driving_car-master\data\IMG\center_2017_06_24_16_13_03_577.jpg,G:\How_to_simulate_a_self_driving_car-master\data\IMG\left_2017_06_24_16_13_03_577.jpg,G:\How_to_simulate_a_self_driving_car-master\data\IMG\right_2017_06_24_16_13_03_577.jpg,0,1,0,30.19011
G:\How_to_simulate_a_self_driving_car-master\data\IMG\center_2017_06_24_16_13_03_644.jpg,G:\How_to_simulate_a_self_driving_car-master\data\IMG\left_2017_06_24_16_13_03_644.jpg,G:\How_to_simulate_a_self_driving_car-master\data\IMG\right_2017_06_24_16_13_03_644.jpg,0,1,0,30.19008
G:\How_to_simulate_a_self_driving_car-master\data\IMG\center_2017_06_24_16_13_03_720.jpg,G:\How_to_simulate_a_self_driving_car-master\data\IMG\left_2017_06_24_16_13_03_720.jpg,G:\How_to_simulate_a_self_driving_car-master\data\IMG\right_2017_06_24_16_13_03_720.jpg,0,1,0,30.19002
G:\How_to_simulate_a_self_driving_car-master\data\IMG\center_2017_06_24_16_13_03_796.jpg,G:\How_to_simulate_a_self_driving_car-master\data\IMG\left_2017_06_24_16_13_03_796.jpg,G:\How_to_simulate_a_self_driving_car-master\data\IMG\right_2017_06_24_16_13_03_796.jpg,0,1,0,30.18982
G:\How_to_simulate_a_self_driving_car-master\data\IMG\center_2017_06_24_16_13_03_872.jpg,G:\How_to_simulate_a_self_driving_car-master\data\IMG\left_2017_06_24_16_13_03_872.jpg,G:\How_to_simulate_a_self_driving_car-master\data\IMG\right_2017_06_24_16_13_03_872.jpg,0,1,0,30.19068
G:\How_to_simulate_a_self_driving_car-master\data\IMG\center_2017_06_24_16_13_03_940.jpg,G:\How_to_simulate_a_self_driving_car-master\data\IMG\left_2017_06_24_16_13_03_940.jpg,G:\How_to_simulate_a_self_driving_car-master\data\IMG\right_2017_06_24_16_13_03_940.jpg,0,1,0,30.19044
G:\How_to_simulate_a_self_driving_car-master\data\IMG\center_2017_06_24_16_13_04_019.jpg,G:\How_to_simulate_a_self_driving_car-master\data\IMG\left_2017_06_24_16_13_04_019.jpg,G:\How_to_simulate_a_self_driving_car-master\data\IMG\right_2017_06_24_16_13_04_019.jpg,-0.05,1,0,30.18898
G:\How_to_simulate_a_self_driving_car-master\data\IMG\center_2017_06_24_16_13_04_086.jpg,G:\How_to_simulate_a_self_driving_car-master\data\IMG\left_2017_06_24_16_13_04_086.jpg,G:\How_to_simulate_a_self_driving_car-master\data\IMG\right_2017_06_24_16_13_04_086.jpg,-0.2,1,0,30.18021
G:\How_to_simulate_a_self_driving_car-master\data\IMG\center_2017_06_24_16_13_04_160.jpg,G:\How_to_simulate_a_self_driving_car-master\data\IMG\left_2017_06_24_16_13_04_160.jpg,G:\How_to_simulate_a_self_driving_car-master\data\IMG\right_2017_06_24_16_13_04_160.jpg,-0.4,1,0,30.15711
G:\How_to_simulate_a_self_driving_car-master\data\IMG\center_2017_06_24_16_13_04_236.jpg,G:\How_to_simulate_a_self_driving_car-master\data\IMG\left_2017_06_24_16_13_04_236.jpg,G:\How_to_simulate_a_self_driving_car-master\data\IMG\right_2017_06_24_16_13_04_236.jpg,0,1,0,30.18923
G:\How_to_simulate_a_self_driving_car-master\data\IMG\center_2017_06_24_16_13_04_308.jpg,G:\How_to_simulate_a_self_driving_car-master\data\IMG\left_2017_06_24_16_13_04_308.jpg,G:\How_to_simulate_a_self_driving_car-master\data\IMG\right_2017_06_24_16_13_04_308.jpg,0,1,0,30.19005
G:\How_to_simulate_a_self_driving_car-master\data\IMG\center_2017_06_24_16_13_04_378.jpg,G:\How_to_simulate_a_self_driving_car-master\data\IMG\left_2017_06_24_16_13_04_378.jpg,G:\How_to_simulate_a_self_driving_car-master\data\IMG\right_2017_06_24_16_13_04_378.jpg,0,1,0,30.19021
G:\How_to_simulate_a_self_driving_car-master\data\IMG\center_2017_06_24_16_13_04_448.jpg,G:\How_to_simulate_a_self_driving_car-master\data\IMG\left_2017_06_24_16_13_04_448.jpg,G:\How_to_simulate_a_self_driving_car-master\data\IMG\right_2017_06_24_16_13_04_448.jpg,0,1,0,30.19029
G:\How_to_simulate_a_self_driving_car-master\data\IMG\center_2017_06_24_16_13_04_534.jpg,G:\How_to_simulate_a_self_driving_car-master\data\IMG\left_2017_06_24_16_13_04_534.jpg,G:\How_to_simulate_a_self_driving_car-master\data\IMG\right_2017_06_24_16_13_04_534.jpg,-0.15,1,0,30.1846
G:\How_to_simulate_a_self_driving_car-master\data\IMG\center_2017_06_24_16_13_04_609.jpg,G:\How_to_simulate_a_self_driving_car-master\data\IMG\left_2017_06_24_16_13_04_609.jpg,G:\How_to_simulate_a_self_driving_car-master\data\IMG\right_2017_06_24_16_13_04_609.jpg,0,1,0,30.18479
G:\How_to_simulate_a_self_driving_car-master\data\IMG\center_2017_06_24_16_13_04_683.jpg,G:\How_to_simulate_a_self_driving_car-master\data\IMG\left_2017_06_24_16_13_04_683.jpg,G:\How_to_simulate_a_self_driving_car-master\data\IMG\right_2017_06_24_16_13_04_683.jpg,0,1,0,30.18809
G:\How_to_simulate_a_self_driving_car-master\data\IMG\center_2017_06_24_16_13_04_756.jpg,G:\How_to_simulate_a_self_driving_car-master\data\IMG\left_2017_06_24_16_13_04_756.jpg,G:\How_to_simulate_a_self_driving_car-master\data\IMG\right_2017_06_24_16_13_04_756.jpg,0,1,0,30.19044
G:\How_to_simulate_a_self_driving_car-master\data\IMG\center_2017_06_24_16_13_04_825.jpg,G:\How_to_simulate_a_self_driving_car-master\data\IMG\left_2017_06_24_16_13_04_825.jpg,G:\How_to_simulate_a_self_driving_car-master\data\IMG\right_2017_06_24_16_13_04_825.jpg,0,1,0,30.19044
G:\How_to_simulate_a_self_driving_car-master\data\IMG\center_2017_06_24_16_13_04_898.jpg,G:\How_to_simulate_a_self_driving_car-master\data\IMG\left_2017_06_24_16_13_04_898.jpg,G:\How_to_simulate_a_self_driving_car-master\data\IMG\right_2017_06_24_16_13_04_898.jpg,-0.2,1,0,30.17953
G:\How_to_simulate_a_self_driving_car-master\data\IMG\center_2017_06_24_16_13_04_976.jpg,G:\How_to_simulate_a_self_driving_car-master\data\IMG\left_2017_06_24_16_13_04_976.jpg,G:\How_to_simulate_a_self_driving_car-master\data\IMG\right_2017_06_24_16_13_04_976.jpg,0,1,0,30.18382
G:\How_to_simulate_a_self_driving_car-master\data\IMG\center_2017_06_24_16_13_05_050.jpg,G:\How_to_simulate_a_self_driving_car-master\data\IMG\left_2017_06_24_16_13_05_050.jpg,G:\How_to_simulate_a_self_driving_car-master\data\IMG\right_2017_06_24_16_13_05_050.jpg,0,1,0,30.18977
G:\How_to_simulate_a_self_driving_car-master\data\IMG\center_2017_06_24_16_13_05_126.jpg,G:\How_to_simulate_a_self_driving_car-master\data\IMG\left_2017_06_24_16_13_05_126.jpg,G:\How_to_simulate_a_self_driving_car-master\data\IMG\right_2017_06_24_16_13_05_126.jpg,0,1,0,30.1902
G:\How_to_simulate_a_self_driving_car-master\data\IMG\center_2017_06_24_16_13_05_200.jpg,G:\How_to_simulate_a_self_driving_car-master\data\IMG\left_2017_06_24_16_13_05_200.jpg,G:\How_to_simulate_a_self_driving_car-master\data\IMG\right_2017_06_24_16_13_05_200.jpg,-0.1,1,0,30.18865
G:\How_to_simulate_a_self_driving_car-master\data\IMG\center_2017_06_24_16_13_05_279.jpg,G:\How_to_simulate_a_self_driving_car-master\data\IMG\left_2017_06_24_16_13_05_279.jpg,G:\How_to_simulate_a_self_driving_car-master\data\IMG\right_2017_06_24_16_13_05_279.jpg,0,1,0,30.18656
G:\How_to_simulate_a_self_driving_car-master\data\IMG\center_2017_06_24_16_13_05_348.jpg,G:\How_to_simulate_a_self_driving_car-master\data\IMG\left_2017_06_24_16_13_05_348.jpg,G:\How_to_simulate_a_self_driving_car-master\data\IMG\right_2017_06_24_16_13_05_348.jpg,0,1,0,30.18999
G:\How_to_simulate_a_self_driving_car-master\data\IMG\center_2017_06_24_16_13_05_417.jpg,G:\How_to_simulate_a_self_driving_car-master\data\IMG\left_2017_06_24_16_13_05_417.jpg,G:\How_to_simulate_a_self_driving_car-master\data\IMG\right_2017_06_24_16_13_05_417.jpg,0,1,0,30.19018
G:\How_to_simulate_a_self_driving_car-master\data\IMG\center_2017_06_24_16_13_05_493.jpg,G:\How_to_simulate_a_self_driving_car-master\data\IMG\left_2017_06_24_16_13_05_493.jpg,G:\How_to_simulate_a_self_driving_car-master\data\IMG\right_2017_06_24_16_13_05_493.jpg,0,1,0,30.19022
G:\How_to_simulate_a_self_driving_car-master\data\IMG\center_2017_06_24_16_13_05_563.jpg,G:\How_to_simulate_a_self_driving_car-master\data\IMG\left_2017_06_24_16_13_05_563.jpg,G:\How_to_simulate_a_self_driving_car-master\data\IMG\right_2017_06_24_16_13_05_563.jpg,-0.1,1,0,30.18784
G:\How_to_simulate_a_self_driving_car-master\data\IMG\center_2017_06_24_16_13_05_635.jpg,G:\How_to_simulate_a_self_driving_car-master\data\IMG\left_2017_06_24_16_13_05_635.jpg,G:\How_to_simulate_a_self_driving_car-master\data\IMG\right_2017_06_24_16_13_05_635.jpg,0,1,0,30.19146
G:\How_to_simulate_a_self_driving_car-master\data\IMG\center_2017_06_24_16_13_05_703.jpg,G:\How_to_simulate_a_self_driving_car-master\data\IMG\left_2017_06_24_16_13_05_703.jpg,G:\How_to_simulate_a_self_driving_car-master\data\IMG\right_2017_06_24_16_13_05_703.jpg,0,1,0,30.19042
G:\How_to_simulate_a_self_driving_car-master\data\IMG\center_2017_06_24_16_13_05_773.jpg,G:\How_to_simulate_a_self_driving_car-master\data\IMG\left_2017_06_24_16_13_05_773.jpg,G:\How_to_simulate_a_self_driving_car-master\data\IMG\right_2017_06_24_16_13_05_773.jpg,0,1,0,30.19018
G:\How_to_simulate_a_self_driving_car-master\data\IMG\center_2017_06_24_16_13_05_841.jpg,G:\How_to_simulate_a_self_driving_car-master\data\IMG\left_2017_06_24_16_13_05_841.jpg,G:\How_to_simulate_a_self_driving_car-master\data\IMG\right_2017_06_24_16_13_05_841.jpg,0,1,0,30.19124
G:\How_to_simulate_a_self_driving_car-master\data\IMG\center_2017_06_24_16_13_05_909.jpg,G:\How_to_simulate_a_self_driving_car-master\data\IMG\left_2017_06_24_16_13_05_909.jpg,G:\How_to_simulate_a_self_driving_car-master\data\IMG\right_2017_06_24_16_13_05_909.jpg,-0.1,1,0,30.1878
G:\How_to_simulate_a_self_driving_car-master\data\IMG\center_2017_06_24_16_13_05_979.jpg,G:\How_to_simulate_a_self_driving_car-master\data\IMG\left_2017_06_24_16_13_05_979.jpg,G:\How_to_simulate_a_self_driving_car-master\data\IMG\right_2017_06_24_16_13_05_979.jpg,-0.25,1,0,30.17477
G:\How_to_simulate_a_self_driving_car-master\data\IMG\center_2017_06_24_16_13_06_049.jpg,G:\How_to_simulate_a_self_driving_car-master\data\IMG\left_2017_06_24_16_13_06_049.jpg,G:\How_to_simulate_a_self_driving_car-master\data\IMG\right_2017_06_24_16_13_06_049.jpg,-0.45,1,0,30.1515
G:\How_to_simulate_a_self_driving_car-master\data\IMG\center_2017_06_24_16_13_06_117.jpg,G:\How_to_simulate_a_self_driving_car-master\data\IMG\left_2017_06_24_16_13_06_117.jpg,G:\How_to_simulate_a_self_driving_car-master\data\IMG\right_2017_06_24_16_13_06_117.jpg,0,1,0,30.18707
G:\How_to_simulate_a_self_driving_car-master\data\IMG\center_2017_06_24_16_13_06_189.jpg,G:\How_to_simulate_a_self_driving_car-master\data\IMG\left_2017_06_24_16_13_06_189.jpg,G:\How_to_simulate_a_self_driving_car-master\data\IMG\right_2017_06_24_16_13_06_189.jpg,0,1,0,30.18953
G:\How_to_simulate_a_self_driving_car-master\data\IMG\center_2017_06_24_16_13_06_256.jpg,G:\How_to_simulate_a_self_driving_car-master\data\IMG\left_2017_06_24_16_13_06_256.jpg,G:\How_to_simulate_a_self_driving_car-master\data\IMG\right_2017_06_24_16_13_06_256.jpg,0,1,0,30.1901
G:\How_to_simulate_a_self_driving_car-master\data\IMG\center_2017_06_24_16_13_06_332.jpg,G:\How_to_simulate_a_self_driving_car-master\data\IMG\left_2017_06_24_16_13_06_332.jpg,G:\How_to_simulate_a_self_driving_car-master\data\IMG\right_2017_06_24_16_13_06_332.jpg,-0.15,1,0,30.18593
G:\How_to_simulate_a_self_driving_car-master\data\IMG\center_2017_06_24_16_13_06_404.jpg,G:\How_to_simulate_a_self_driving_car-master\data\IMG\left_2017_06_24_16_13_06_404.jpg,G:\How_to_simulate_a_self_driving_car-master\data\IMG\right_2017_06_24_16_13_06_404.jpg,-0.3,1,0,30.17127
G:\How_to_simulate_a_self_driving_car-master\data\IMG\center_2017_06_24_16_13_06_486.jpg,G:\How_to_simulate_a_self_driving_car-master\data\IMG\left_2017_06_24_16_13_06_486.jpg,G:\How_to_simulate_a_self_driving_car-master\data\IMG\right_2017_06_24_16_13_06_486.jpg,0,1,0,30.1897
G:\How_to_simulate_a_self_driving_car-master\data\IMG\center_2017_06_24_16_13_06_555.jpg,G:\How_to_simulate_a_self_driving_car-master\data\IMG\left_2017_06_24_16_13_06_555.jpg,G:\How_to_simulate_a_self_driving_car-master\data\IMG\right_2017_06_24_16_13_06_555.jpg,0,1,0,30.19185
G:\How_to_simulate_a_self_driving_car-master\data\IMG\center_2017_06_24_16_13_06_630.jpg,G:\How_to_simulate_a_self_driving_car-master\data\IMG\left_2017_06_24_16_13_06_630.jpg,G:\How_to_simulate_a_self_driving_car-master\data\IMG\right_2017_06_24_16_13_06_630.jpg,0,1,0,30.19044
G:\How_to_simulate_a_self_driving_car-master\data\IMG\center_2017_06_24_16_13_06_698.jpg,G:\How_to_simulate_a_self_driving_car-master\data\IMG\left_2017_06_24_16_13_06_698.jpg,G:\How_to_simulate_a_self_driving_car-master\data\IMG\right_2017_06_24_16_13_06_698.jpg,-0.15,1,0,30.18512
G:\How_to_simulate_a_self_driving_car-master\data\IMG\center_2017_06_24_16_13_06_770.jpg,G:\How_to_simulate_a_self_driving_car-master\data\IMG\left_2017_06_24_16_13_06_770.jpg,G:\How_to_simulate_a_self_driving_car-master\data\IMG\right_2017_06_24_16_13_06_770.jpg,0,1,0,30.19194
G:\How_to_simulate_a_self_driving_car-master\data\IMG\center_2017_06_24_16_13_06_843.jpg,G:\How_to_simulate_a_self_driving_car-master\data\IMG\left_2017_06_24_16_13_06_843.jpg,G:\How_to_simulate_a_self_driving_car-master\data\IMG\right_2017_06_24_16_13_06_843.jpg,0,1,0,30.19029
G:\How_to_simulate_a_self_driving_car-master\data\IMG\center_2017_06_24_16_13_06_930.jpg,G:\How_to_simulate_a_self_driving_car-master\data\IMG\left_2017_06_24_16_13_06_930.jpg,G:\How_to_simulate_a_self_driving_car-master\data\IMG\right_2017_06_24_16_13_06_930.jpg,-0.1,1,0,30.18864
G:\How_to_simulate_a_self_driving_car-master\data\IMG\center_2017_06_24_16_13_07_002.jpg,G:\How_to_simulate_a_self_driving_car-master\data\IMG\left_2017_06_24_16_13_07_002.jpg,G:\How_to_simulate_a_self_driving_car-master\data\IMG\right_2017_06_24_16_13_07_002.jpg,-0.25,1,0,30.17598
G:\How_to_simulate_a_self_driving_car-master\data\IMG\center_2017_06_24_16_13_07_073.jpg,G:\How_to_simulate_a_self_driving_car-master\data\IMG\left_2017_06_24_16_13_07_073.jpg,G:\How_to_simulate_a_self_driving_car-master\data\IMG\right_2017_06_24_16_13_07_073.jpg,0,1,0,30.18977
G:\How_to_simulate_a_self_driving_car-master\data\IMG\center_2017_06_24_16_13_07_143.jpg,G:\How_to_simulate_a_self_driving_car-master\data\IMG\left_2017_06_24_16_13_07_143.jpg,G:\How_to_simulate_a_self_driving_car-master\data\IMG\right_2017_06_24_16_13_07_143.jpg,0,1,0,30.18956
G:\How_to_simulate_a_self_driving_car-master\data\IMG\center_2017_06_24_16_13_07_214.jpg,G:\How_to_simulate_a_self_driving_car-master\data\IMG\left_2017_06_24_16_13_07_214.jpg,G:\How_to_simulate_a_self_driving_car-master\data\IMG\right_2017_06_24_16_13_07_214.jpg,0,1,0,30.19019
G:\How_to_simulate_a_self_driving_car-master\data\IMG\center_2017_06_24_16_13_07_294.jpg,G:\How_to_simulate_a_self_driving_car-master\data\IMG\left_2017_06_24_16_13_07_294.jpg,G:\How_to_simulate_a_self_driving_car-master\data\IMG\right_2017_06_24_16_13_07_294.jpg,-0.2,1,0,30.18161
G:\How_to_simulate_a_self_driving_car-master\data\IMG\center_2017_06_24_16_13_07_368.jpg,G:\How_to_simulate_a_self_driving_car-master\data\IMG\left_2017_06_24_16_13_07_368.jpg,G:\How_to_simulate_a_self_driving_car-master\data\IMG\right_2017_06_24_16_13_07_368.jpg,0,1,0,30.1892
G:\How_to_simulate_a_self_driving_car-master\data\IMG\center_2017_06_24_16_13_07_435.jpg,G:\How_to_simulate_a_self_driving_car-master\data\IMG\left_2017_06_24_16_13_07_435.jpg,G:\How_to_simulate_a_self_driving_car-master\data\IMG\right_2017_06_24_16_13_07_435.jpg,0,1,0,30.1903
G:\How_to_simulate_a_self_driving_car-master\data\IMG\center_2017_06_24_16_13_07_505.jpg,G:\How_to_simulate_a_self_driving_car-master\data\IMG\left_2017_06_24_16_13_07_505.jpg,G:\How_to_simulate_a_self_driving_car-master\data\IMG\right_2017_06_24_16_13_07_505.jpg,0,1,0,30.19003
G:\How_to_simulate_a_self_driving_car-master\data\IMG\center_2017_06_24_16_13_07_579.jpg,G:\How_to_simulate_a_self_driving_car-master\data\IMG\left_2017_06_24_16_13_07_579.jpg,G:\How_to_simulate_a_self_driving_car-master\data\IMG\right_2017_06_24_16_13_07_579.jpg,-0.1,1,0,30.18861
G:\How_to_simulate_a_self_driving_car-master\data\IMG\center_2017_06_24_16_13_07_659.jpg,G:\How_to_simulate_a_self_driving_car-master\data\IMG\left_2017_06_24_16_13_07_659.jpg,G:\How_to_simulate_a_self_driving_car-master\data\IMG\right_2017_06_24_16_13_07_659.jpg,0,1,0,30.1864
G:\How_to_simulate_a_self_driving_car-master\data\IMG\center_2017_06_24_16_13_07_737.jpg,G:\How_to_simulate_a_self_driving_car-master\data\IMG\left_2017_06_24_16_13_07_737.jpg,G:\How_to_simulate_a_self_driving_car-master\data\IMG\right_2017_06_24_16_13_07_737.jpg,0,1,0,30.18849
G:\How_to_simulate_a_self_driving_car-master\data\IMG\center_2017_06_24_16_13_07_810.jpg,G:\How_to_simulate_a_self_driving_car-master\data\IMG\left_2017_06_24_16_13_07_810.jpg,G:\How_to_simulate_a_self_driving_car-master\data\IMG\right_2017_06_24_16_13_07_810.jpg,0,1,0,30.19061
G:\How_to_simulate_a_self_driving_car-master\data\IMG\center_2017_06_24_16_13_07_887.jpg,G:\How_to_simulate_a_self_driving_car-master\data\IMG\left_2017_06_24_16_13_07_887.jpg,G:\How_to_simulate_a_self_driving_car-master\data\IMG\right_2017_06_24_16_13_07_887.jpg,-0.15,1,0,30.18499
G:\How_to_simulate_a_self_driving_car-master\data\IMG\center_2017_06_24_16_13_07_960.jpg,G:\How_to_simulate_a_self_driving_car-master\data\IMG\left_2017_06_24_16_13_07_960.jpg,G:\How_to_simulate_a_self_driving_car-master\data\IMG\right_2017_06_24_16_13_07_960.jpg,-0.3,1,0,30.17003
G:\How_to_simulate_a_self_driving_car-master\data\IMG\center_2017_06_24_16_13_08_027.jpg,G:\How_to_simulate_a_self_driving_car-master\data\IMG\left_2017_06_24_16_13_08_027.jpg,G:\How_to_simulate_a_self_driving_car-master\data\IMG\right_2017_06_24_16_13_08_027.jpg,0,1,0,30.18986
G:\How_to_simulate_a_self_driving_car-master\data\IMG\center_2017_06_24_16_13_08_099.jpg,G:\How_to_simulate_a_self_driving_car-master\data\IMG\left_2017_06_24_16_13_08_099.jpg,G:\How_to_simulate_a_self_driving_car-master\data\IMG\right_2017_06_24_16_13_08_099.jpg,-0.05,1,0,30.19008
G:\How_to_simulate_a_self_driving_car-master\data\IMG\center_2017_06_24_16_13_08_168.jpg,G:\How_to_simulate_a_self_driving_car-master\data\IMG\left_2017_06_24_16_13_08_168.jpg,G:\How_to_simulate_a_self_driving_car-master\data\IMG\right_2017_06_24_16_13_08_168.jpg,-0.25,1,0,30.17712
G:\How_to_simulate_a_self_driving_car-master\data\IMG\center_2017_06_24_16_13_08_239.jpg,G:\How_to_simulate_a_self_driving_car-master\data\IMG\left_2017_06_24_16_13_08_239.jpg,G:\How_to_simulate_a_self_driving_car-master\data\IMG\right_2017_06_24_16_13_08_239.jpg,0,1,0,30.19047
G:\How_to_simulate_a_self_driving_car-master\data\IMG\center_2017_06_24_16_13_08_311.jpg,G:\How_to_simulate_a_self_driving_car-master\data\IMG\left_2017_06_24_16_13_08_311.jpg,G:\How_to_simulate_a_self_driving_car-master\data\IMG\right_2017_06_24_16_13_08_311.jpg,0,1,0,30.18986
G:\How_to_simulate_a_self_driving_car-master\data\IMG\center_2017_06_24_16_13_08_399.jpg,G:\How_to_simulate_a_self_driving_car-master\data\IMG\left_2017_06_24_16_13_08_399.jpg,G:\How_to_simulate_a_self_driving_car-master\data\IMG\right_2017_06_24_16_13_08_399.jpg,0,1,0,30.19031
G:\How_to_simulate_a_self_driving_car-master\data\IMG\center_2017_06_24_16_13_08_472.jpg,G:\How_to_simulate_a_self_driving_car-master\data\IMG\left_2017_06_24_16_13_08_472.jpg,G:\How_to_simulate_a_self_driving_car-master\data\IMG\right_2017_06_24_16_13_08_472.jpg,0,1,0,30.19005
G:\How_to_simulate_a_self_driving_car-master\data\IMG\center_2017_06_24_16_13_08_544.jpg,G:\How_to_simulate_a_self_driving_car-master\data\IMG\left_2017_06_24_16_13_08_544.jpg,G:\How_to_simulate_a_self_driving_car-master\data\IMG\right_2017_06_24_16_13_08_544.jpg,-0.05,1,0,30.18874
G:\How_to_simulate_a_self_driving_car-master\data\IMG\center_2017_06_24_16_13_08_614.jpg,G:\How_to_simulate_a_self_driving_car-master\data\IMG\left_2017_06_24_16_13_08_614.jpg,G:\How_to_simulate_a_self_driving_car-master\data\IMG\right_2017_06_24_16_13_08_614.jpg,-0.25,1,0,30.17506
G:\How_to_simulate_a_self_driving_car-master\data\IMG\center_2017_06_24_16_13_08_682.jpg,G:\How_to_simulate_a_self_driving_car-master\data\IMG\left_2017_06_24_16_13_08_682.jpg,G:\How_to_simulate_a_self_driving_car-master\data\IMG\right_2017_06_24_16_13_08_682.jpg,0,1,0,30.18948
G:\How_to_simulate_a_self_driving_car-master\data\IMG\center_2017_06_24_16_13_08_756.jpg,G:\How_to_simulate_a_self_driving_car-master\data\IMG\left_2017_06_24_16_13_08_756.jpg,G:\How_to_simulate_a_self_driving_car-master\data\IMG\right_2017_06_24_16_13_08_756.jpg,0,1,0,30.18991
G:\How_to_simulate_a_self_driving_car-master\data\IMG\center_2017_06_24_16_13_08_827.jpg,G:\How_to_simulate_a_self_driving_car-master\data\IMG\left_2017_06_24_16_13_08_827.jpg,G:\How_to_simulate_a_self_driving_car-master\data\IMG\right_2017_06_24_16_13_08_827.jpg,-0.1,1,0,30.18858
G:\How_to_simulate_a_self_driving_car-master\data\IMG\center_2017_06_24_16_13_08_901.jpg,G:\How_to_simulate_a_self_driving_car-master\data\IMG\left_2017_06_24_16_13_08_901.jpg,G:\How_to_simulate_a_self_driving_car-master\data\IMG\right_2017_06_24_16_13_08_901.jpg,-0.25,1,0,30.17563
G:\How_to_simulate_a_self_driving_car-master\data\IMG\center_2017_06_24_16_13_08_980.jpg,G:\How_to_simulate_a_self_driving_car-master\data\IMG\left_2017_06_24_16_13_08_980.jpg,G:\How_to_simulate_a_self_driving_car-master\data\IMG\right_2017_06_24_16_13_08_980.jpg,0,1,0,30.18898
G:\How_to_simulate_a_self_driving_car-master\data\IMG\center_2017_06_24_16_13_09_056.jpg,G:\How_to_simulate_a_self_driving_car-master\data\IMG\left_2017_06_24_16_13_09_056.jpg,G:\How_to_simulate_a_self_driving_car-master\data\IMG\right_2017_06_24_16_13_09_056.jpg,0,1,0,30.1901
G:\How_to_simulate_a_self_driving_car-master\data\IMG\center_2017_06_24_16_13_09_129.jpg,G:\How_to_simulate_a_self_driving_car-master\data\IMG\left_2017_06_24_16_13_09_129.jpg,G:\How_to_simulate_a_self_driving_car-master\data\IMG\right_2017_06_24_16_13_09_129.jpg,-0.15,1,0,30.1855
G:\How_to_simulate_a_self_driving_car-master\data\IMG\center_2017_06_24_16_13_09_198.jpg,G:\How_to_simulate_a_self_driving_car-master\data\IMG\left_2017_06_24_16_13_09_198.jpg,G:\How_to_simulate_a_self_driving_car-master\data\IMG\right_2017_06_24_16_13_09_198.jpg,-0.3,1,0,30.17049
G:\How_to_simulate_a_self_driving_car-master\data\IMG\center_2017_06_24_16_13_09_271.jpg,G:\How_to_simulate_a_self_driving_car-master\data\IMG\left_2017_06_24_16_13_09_271.jpg,G:\How_to_simulate_a_self_driving_car-master\data\IMG\right_2017_06_24_16_13_09_271.jpg,0,1,0,30.18973
G:\How_to_simulate_a_self_driving_car-master\data\IMG\center_2017_06_24_16_13_09_341.jpg,G:\How_to_simulate_a_self_driving_car-master\data\IMG\left_2017_06_24_16_13_09_341.jpg,G:\How_to_simulate_a_self_driving_car-master\data\IMG\right_2017_06_24_16_13_09_341.jpg,0,1,0,30.18993
G:\How_to_simulate_a_self_driving_car-master\data\IMG\center_2017_06_24_16_13_09_415.jpg,G:\How_to_simulate_a_self_driving_car-master\data\IMG\left_2017_06_24_16_13_09_415.jpg,G:\How_to_simulate_a_self_driving_car-master\data\IMG\right_2017_06_24_16_13_09_415.jpg,0,1,0,30.19003
G:\How_to_simulate_a_self_driving_car-master\data\IMG\center_2017_06_24_16_13_09_487.jpg,G:\How_to_simulate_a_self_driving_car-master\data\IMG\left_2017_06_24_16_13_09_487.jpg,G:\How_to_simulate_a_self_driving_car-master\data\IMG\right_2017_06_24_16_13_09_487.jpg,0,1,0,30.19006
G:\How_to_simulate_a_self_driving_car-master\data\IMG\center_2017_06_24_16_13_09_566.jpg,G:\How_to_simulate_a_self_driving_car-master\data\IMG\left_2017_06_24_16_13_09_566.jpg,G:\How_to_simulate_a_self_driving_car-master\data\IMG\right_2017_06_24_16_13_09_566.jpg,0,1,0,30.19002
G:\How_to_simulate_a_self_driving_car-master\data\IMG\center_2017_06_24_16_13_09_636.jpg,G:\How_to_simulate_a_self_driving_car-master\data\IMG\left_2017_06_24_16_13_09_636.jpg,G:\How_to_simulate_a_self_driving_car-master\data\IMG\right_2017_06_24_16_13_09_636.jpg,0,1,0,30.19047
G:\How_to_simulate_a_self_driving_car-master\data\IMG\center_2017_06_24_16_13_09_708.jpg,G:\How_to_simulate_a_self_driving_car-master\data\IMG\left_2017_06_24_16_13_09_708.jpg,G:\How_to_simulate_a_self_driving_car-master\data\IMG\right_2017_06_24_16_13_09_708.jpg,0,1,0,30.19034
G:\How_to_simulate_a_self_driving_car-master\data\IMG\center_2017_06_24_16_13_09_779.jpg,G:\How_to_simulate_a_self_driving_car-master\data\IMG\left_2017_06_24_16_13_09_779.jpg,G:\How_to_simulate_a_self_driving_car-master\data\IMG\right_2017_06_24_16_13_09_779.jpg,0,1,0,30.19002
G:\How_to_simulate_a_self_driving_car-master\data\IMG\center_2017_06_24_16_13_09_847.jpg,G:\How_to_simulate_a_self_driving_car-master\data\IMG\left_2017_06_24_16_13_09_847.jpg,G:\How_to_simulate_a_self_driving_car-master\data\IMG\right_2017_06_24_16_13_09_847.jpg,-0.2,1,0,30.17996
G:\How_to_simulate_a_self_driving_car-master\data\IMG\center_2017_06_24_16_13_09_933.jpg,G:\How_to_simulate_a_self_driving_car-master\data\IMG\left_2017_06_24_16_13_09_933.jpg,G:\How_to_simulate_a_self_driving_car-master\data\IMG\right_2017_06_24_16_13_09_933.jpg,0,1,0,30.1911
G:\How_to_simulate_a_self_driving_car-master\data\IMG\center_2017_06_24_16_13_10_001.jpg,G:\How_to_simulate_a_self_driving_car-master\data\IMG\left_2017_06_24_16_13_10_001.jpg,G:\How_to_simulate_a_self_driving_car-master\data\IMG\right_2017_06_24_16_13_10_001.jpg,0,1,0,30.18989
G:\How_to_simulate_a_self_driving_car-master\data\IMG\center_2017_06_24_16_13_10_072.jpg,G:\How_to_simulate_a_self_driving_car-master\data\IMG\left_2017_06_24_16_13_10_072.jpg,G:\How_to_simulate_a_self_driving_car-master\data\IMG\right_2017_06_24_16_13_10_072.jpg,0,1,0,30.19023
G:\How_to_simulate_a_self_driving_car-master\data\IMG\center_2017_06_24_16_13_10_152.jpg,G:\How_to_simulate_a_self_driving_car-master\data\IMG\left_2017_06_24_16_13_10_152.jpg,G:\How_to_simulate_a_self_driving_car-master\data\IMG\right_2017_06_24_16_13_10_152.jpg,-0.1,1,0,30.18823
G:\How_to_simulate_a_self_driving_car-master\data\IMG\center_2017_06_24_16_13_10_222.jpg,G:\How_to_simulate_a_self_driving_car-master\data\IMG\left_2017_06_24_16_13_10_222.jpg,G:\How_to_simulate_a_self_driving_car-master\data\IMG\right_2017_06_24_16_13_10_222.jpg,-0.25,1,0,30.1754
G:\How_to_simulate_a_self_driving_car-master\data\IMG\center_2017_06_24_16_13_10_291.jpg,G:\How_to_simulate_a_self_driving_car-master\data\IMG\left_2017_06_24_16_13_10_291.jpg,G:\How_to_simulate_a_self_driving_car-master\data\IMG\right_2017_06_24_16_13_10_291.jpg,0,1,0,30.18885
G:\How_to_simulate_a_self_driving_car-master\data\IMG\center_2017_06_24_16_13_10_360.jpg,G:\How_to_simulate_a_self_driving_car-master\data\IMG\left_2017_06_24_16_13_10_360.jpg,G:\How_to_simulate_a_self_driving_car-master\data\IMG\right_2017_06_24_16_13_10_360.jpg,0,1,0,30.18991
G:\How_to_simulate_a_self_driving_car-master\data\IMG\center_2017_06_24_16_13_10_431.jpg,G:\How_to_simulate_a_self_driving_car-master\data\IMG\left_2017_06_24_16_13_10_431.jpg,G:\How_to_simulate_a_self_driving_car-master\data\IMG\right_2017_06_24_16_13_10_431.jpg,0,1,0,30.19005
G:\How_to_simulate_a_self_driving_car-master\data\IMG\center_2017_06_24_16_13_10_499.jpg,G:\How_to_simulate_a_self_driving_car-master\data\IMG\left_2017_06_24_16_13_10_499.jpg,G:\How_to_simulate_a_self_driving_car-master\data\IMG\right_2017_06_24_16_13_10_499.jpg,0,1,0,30.19007
G:\How_to_simulate_a_self_driving_car-master\data\IMG\center_2017_06_24_16_13_10_572.jpg,G:\How_to_simulate_a_self_driving_car-master\data\IMG\left_2017_06_24_16_13_10_572.jpg,G:\How_to_simulate_a_self_driving_car-master\data\IMG\right_2017_06_24_16_13_10_572.jpg,0,1,0,30.1901
G:\How_to_simulate_a_self_driving_car-master\data\IMG\center_2017_06_24_16_13_10_646.jpg,G:\How_to_simulate_a_self_driving_car-master\data\IMG\left_2017_06_24_16_13_10_646.jpg,G:\How_to_simulate_a_self_driving_car-master\data\IMG\right_2017_06_24_16_13_10_646.jpg,0,1,0,30.19007
G:\How_to_simulate_a_self_driving_car-master\data\IMG\center_2017_06_24_16_13_10_714.jpg,G:\How_to_simulate_a_self_driving_car-master\data\IMG\left_2017_06_24_16_13_10_714.jpg,G:\How_to_simulate_a_self_driving_car-master\data\IMG\right_2017_06_24_16_13_10_714.jpg,0,1,0,30.19072
G:\How_to_simulate_a_self_driving_car-master\data\IMG\center_2017_06_24_16_13_10_787.jpg,G:\How_to_simulate_a_self_driving_car-master\data\IMG\left_2017_06_24_16_13_10_787.jpg,G:\How_to_simulate_a_self_driving_car-master\data\IMG\right_2017_06_24_16_13_10_787.jpg,0,1,0,30.19037
G:\How_to_simulate_a_self_driving_car-master\data\IMG\center_2017_06_24_16_13_10_865.jpg,G:\How_to_simulate_a_self_driving_car-master\data\IMG\left_2017_06_24_16_13_10_865.jpg,G:\How_to_simulate_a_self_driving_car-master\data\IMG\right_2017_06_24_16_13_10_865.jpg,0,1,0,30.19029
G:\How_to_simulate_a_self_driving_car-master\data\IMG\center_2017_06_24_16_13_10_933.jpg,G:\How_to_simulate_a_self_driving_car-master\data\IMG\left_2017_06_24_16_13_10_933.jpg,G:\How_to_simulate_a_self_driving_car-master\data\IMG\right_2017_06_24_16_13_10_933.jpg,0,1,0,30.1909
G:\How_to_simulate_a_self_driving_car-master\data\IMG\center_2017_06_24_16_13_11_000.jpg,G:\How_to_simulate_a_self_driving_car-master\data\IMG\left_2017_06_24_16_13_11_000.jpg,G:\How_to_simulate_a_self_driving_car-master\data\IMG\right_2017_06_24_16_13_11_000.jpg,0,1,0,30.19057
G:\How_to_simulate_a_self_driving_car-master\data\IMG\center_2017_06_24_16_13_11_069.jpg,G:\How_to_simulate_a_self_driving_car-master\data\IMG\left_2017_06_24_16_13_11_069.jpg,G:\How_to_simulate_a_self_driving_car-master\data\IMG\right_2017_06_24_16_13_11_069.jpg,0,1,0,30.19041
